,۸,Ʒ      oppok5,
1,3799.00,opporeno4proֻoppo5gֻƷoppo,
2,1699.00, OPPO K5ֻ oppok5ֻٷƷ oppo,
3,1899.00,200OPPO K5 oppok5ֻ¿ oppoƷֻk5 0ppok5 k5x k5pro k3 k7 0pp0r17 r19 k4 k6,
4,1599.00,¿СOPPO A52 oppoa52Ʒֻoppoa5 a8 oppoa11 a9 oppok3k1 k5 oppor15 oppo콢0pp0ֻ,
5,1699.00,OPPO K5 6400ͨVOOC4Gȫֻͨoppok5,
6,1699.00, ˳ٷOPPO K5ȫ64004GϷֻٷ콢Ʒǿoppok5 k3 k1,
7,1999.00,12Ϣ ¿СOPPO A92s oppoa92sֻƷ5GƷa91 a52 k5 opopֻ0pp0r17reno3oppo콢,
8,1999.00,5G¿СOPPO A92S oppoa92sֻopopr17 a11x r9s a52 k5 a9 reno3 oppo콢ٷ0ppoֻa92,
9,899.00,Ż400OPPO A11 oppoa11Ʒ콢ٷƷֻδx oppoa92S r17 0ppoֻr11 K5 r15 a52 a11x K3 a8,
10,1999.00,Ż520 ¿СOPPO A92s oppoa92sֻ5gƷoppo콢ٷƷoppoa11x a92s k5 0ppor17δx,
11,1699.00,ѽ500ԪOPPO K5 oppok5ֻ oppo¿ֻk5 oppo oppoֻ k5oppo k3 k6 oppok7 oppor17 r19,
12,1999.00,Ż520OPPO A92s oppoa92sֻ¿oppo5gƷȫͨƷ0pp0a92 a91 a8 k5 oppo콢ٷ,
13,1699.00,Ż300OPPO K5 oppok5ֻ¿oppo콢ٷ0ppok5Ʒk5pro k3 k4 k6 k7 0pp0r17 r19,
14,1599.00,¿СOPPO A52 oppoa52ֻ콢ٷopopƷa52 a11 a8 a92s k5 0ppoֻr17 15 oppo a72ֻ,
15,899.00,Ż450Ԫ849 OPPO A11 oppoa11ֻ¿ oppoa11 a11x oppoδx k3 k5 a52 a92s oppo콢,
16,899.00,849 ײ OPPO A11 ȫֻAIس4Gȫͨa11xa9a7a5k5,
17,1999.00,12Ϣ OPPO A92s oppoa92s ֻ 5gֻ Ʒ oppo Ʒ ٷ 콢 A5 k3 k5 ȫ  oppoֻ,
18,899.00,Ż300+աOPPO A11 oppoa11ƷֻȫƷoppo r11 r15 r17pro r19 reno 2 a9 a7 a5 k3 k5,
19,899.00,¿СOPPO A11 oppoa11ֻoppoa11x 0pp0 a7 a5 0ppo콢 ֻr19 r17 r15x r11s k3 k5 a11,
20,1899.00,µ300OPPO K5 oppok5proֻٷƷ0ppok5¿oppoٷ콢oppor17  a8 a91 k7 a11x a52,
21,1699.00,췢ɼ200ԪOPPO K5 oppok5ֻ콢oppok5ֻƷ oppok5 k7 oppoδx0ppoa11 a92s a52,
22,1699.00,300OPPO K5 oppok5ֻȫ¿oppoֻk3 oppor17opporeno2 0pp0 findδx0ppoֻr15x,
23,1488.00,OPPO K5ֻٷƷֻoppo¿ֻoppok5ֻK3ֻK1ֻK5,
24,1699.00,Ż200!OPPO K5 oppok5Ʒֻoppoδx 0ppok5¿k3k7 0pp0k1 oppor17r19 r15 a9x a7a5,
25,899.00,ƷСOPPO A11 oppoa11ֻoppoa11ȫƷ a5 a11x a9x k3 k5 r9 k1 0ppo콢Ʒ 0pp0a11,
26,1999.00,12ϢOPPO A92s oppoa92sֻƷoppo콢5gֻoppoace2 a11 opporeno3 k5 oppor17,
27,1699.00,ʱŻ200OPPO K5 oppok5¿ֻoppoδx 0ppok5 k3k7 0pp0k1 oppor17 r19 r15 a9x a7a5,
28,1199.00,100OPPO A8oppoa8ֻƷoppoa8ֻoppoa5ֻa7x r11oppor15x 0ppok3r90pp0k5oppoa9r17,
29,890.00,ȫƷOPPOK3ֻ¿k3ȫ710ֻOPPO K1 k5,
30,1999.00,12ϢOPPO A92s oppoa92sֻ¿oppo5gֻȫͨƷ0pp0a92 a91 a8 k5 oppo콢ٷƷ,
31,1699.00,OPPO K5ֻȫͨȫ6400ͨ730Goppok5,
32,1599.00,OPPO A52 oppoa52ֻ¿opopƷa11x a5 a9x a7x r9 r15x k5 k3 k1 0ppoֻ콢Ʒ 0pp0a52,
33,1699.00,߿ʡ500ԪOPPO K5 oppok5ֻoppok7콢Ʒ oppok3 oppok5 oppor17 oppok6 δx a5 0ppoֻ,
34,930.00,OPPO K3ֻ¿k3ȫ710oppok5ֻOPPO K1ֻ,
35,1599.00,12ڷڡOPPO A91 oppoa91ֻopopƷa5 a9 k7 a11 k5 a7x r9 k3 r15 r11콢0ppoֻٷƷ0pp0r17,
36,1598.00,OPPO R17ȫAIĻָoppor17 k5 oppo r17pro r15ֻ,
37,1599.00,12ڷ ¿СOPPO A91Ʒֻ oppoa91ֻƷ oppo콢 a11 a8 a52 a92s k5 0ppoδx,
38,1199.00,ֱ300OPPO A11 oppoa11ֻoppoƷa11 a11x 0pp0a9x a7 a5 0ppoֻr19 r17 r15x r11s k1 k3 k5,
39,899.00,¿СOPPO A11 oppoa11ֻoppoƷa11 a11x 0pp0a9x a7 a5 0ppoֻr19 r17 r15x r17s k1 k3 k5,
40,890.00,OPPO K3ֻ¿k3ȫ710oppok5ֻOPPO K1ֻ,
41,999.00,12ϢOPPO A8 oppoa8ֻٷƷoppoֻ¿a8oppoa91 a5k5,
42,1388.00,OPPO A91ڴK5 4800A9 A11 ᱡĻָָֻ,
43,1599.00,400OPPO A91Ʒoppoa91ֻ¿oppoa5ֻ a7xr11oppor15x 0ppok3r90pp0k5oppoa9r17,
44,1199.00,¿oppok5ֻ콢opopֻa8 k6 a11 r17ƷOPPO K3k5,
45,1599.00,ɨػOPPO A11X oppoa11xֻ¿oppoa11 oppo콢ٷƷoppoa8 k5 a5 r15 r17 0ppor11,
46,1699.00,ʡ700OPPO K5ֻk5 oppo콢oppoֻk5 0ppoֻK7,
47,3199.00,OPPO Ace2ֻ5GٷƷoppoace2ȫ»renoace2¿Reno Ace K5,
48,999.00,ƷOPPO A8ֻoppoֻٷ0pp0a8 a92s a11x k5ȫ» a52,
49,1599.00,ɨػOPPO A11X oppoa11xֻ¿oppoa11 oppo콢ٷƷoppoa8 k5 a5 r15 r17 0ppor11,
50,1699.00,ʡ700OPPO K5ֻk5 oppo콢oppoֻk5 0ppoֻK7,
51,3199.00,OPPO Ace2ֻ5GٷƷoppoace2ȫ»renoace2¿Reno Ace K5,
52,999.00,ƷOPPO A8ֻoppoֻٷ0pp0a8 a92s a11x k5ȫ» a52,
53,1369.00,OPPO A52¿oppoa11xa8a91a5 a9 oppok3 k5 k6 k7 a7x r9R17,
54,1399.00,OPPO A91¿ֻٷƷa91oppoȫͨoppoa11 a11x oppoa52 k5,
55,1498.00,OPPO K3 710Ļָȫ4Gֻȫͨoppok3 k1 K5,
56,1199.00,12ϢOPPO A9ֻoppoa9ֻٷƷk5 0pp0a11x oppoֻa91,
57,880.00,һʮ OPPO K5ȫͨoppok5ָȫδֻk3 K1,
58,1599.00,400 OPPO A91 oppoa91ֻ¿ oppoδx oppoa91ֻȫͨƷoppok5 k3 oppoa11 a11x oppoa9 a8,
59,1599.00,ƷСOPPO A52 oppoa52ֻƷ opopٷƷ a8 a11x a91 a92s a5 k5 oppoֻ콢ٷopp0a52,
60,1599.00,ɨػ/췢OPPO A52 oppoa52ֻ콢oppoa52¿ oppoa52s oppoa92s opopֻƷ a11 k5,
61,1599.00,¿СOPPO A52 oppoa52Ʒֻoppoa5 a8 oppoa11 a9 oppok3k1 k5 oppor15 oppo콢0pp0ֻ,
62,999.00,ɨػˡOPPO A8 oppoa8Ʒֻ a5 a9 oppor17 oppok3 k1  k5 11 oppor15 oppo콢0pp0a8ֻ,
63,1599.00,12ڷڡOPPO A91 oppoa91ֻ¿opopٷƷa3a11 a9x r15x k3 a8 k5oppoֻ콢0pp0a91,
64,1699.00,Ż200+BYZOPPO K5ֻoppok5Ʒֻ oppoƷoppor17pro r19r15x r11r9s0pp0reno 2,
65,899.00,¿СOPPO A11 oppoa11ֻoppoƷa11 a11x 0pp0a9x a7 a5 0ppoֻr19 r17 r15x r17s k1 k3 k5,
66,1599.00,400OPPO A91 oppoa91ֻ¿oppoa11 k3k5Ʒ0ppoa92 a8 a5 r15r17opopٷ콢oppoδx a91,
67,1599.00,12ڷ ¿СOPPO A91Ʒֻ oppoa91ֻƷ oppo콢 a11 a8 a52 a92s k5 0ppoδx,
68,999.00,ѽ100Ԫ 12ڷڡOPPO A8¿ oppoa8ֻƷ oppo콢a52 a92s 0ppoa5 a11 a91 k5δx,
69,899.00,Ż300+աOPPO A11 oppoa11ƷֻȫƷoppo r11 r15 r17pro r19 reno 2 a9 a7 a5 k3 k5,
70,999.00,ƷСOPPO A8 oppoa8Ʒֻٷ콢Ʒ0ppoa9x r17 r15x k1 k3 k5 a9 r15 a11x oppoa52 a92sֻ,
71,1699.00,¿/Ż200OPPO K5 oppok5Ʒֻoppoδx 0ppok5 k3k7 0pp0k1 oppor17r19 r15 a9x a7a5,
72,1599.00,µֻOPPO A11x oppoa11xֻoppoƷa11 x oppo a5 oppoֻ r15x k1 k3 k5 oppo콢ٷ,
73,1899.00,ֻOPPO A91 oppoa91ֻ oppoƷa91 a11x oppo a9 a7 a5 oppoֻr19 r17 r15x r11s k1 k3 k5,
74,1999.00,12Ϣ/OPPO A92s oppoa92sֻ¿oppo5gֻȫͨƷ0pp0a92 a91 a8 k5k3 oppo콢ٷ,
75,999.00,12ڷڡOPPO A8 oppoa8ֻopopƷa11 a5 a91 r15x k7 a7x k5 oppo콢ٷƷ0ppoֻ0pp0a8,
76,1199.00,Ż100ԪOPPO A8 oppoa8ֻƷ oppoa11 a11x oppok5 oppoa9 oppor17 reno2 0ppoδx,
77,1799.00,OPPO K5 oppok5Ʒֻoppoδx 0ppok5¿k3 k7 0pp0k1 oppor17 r19 r15 a5 opporenoace2콢,
78,1699.00,ѽ500ԪOPPO K5 oppok5ֻ oppo¿ֻk5 oppo oppoֻ k5oppo k3 k6 oppok7 oppor17 r19,
79,1999.00,520OPPO A92s oppoa92sֻ5G¿a9 a11x r9 r15 a7x a52 k5 k3 a8 0ppoֻٷƷ0pp0a92s,
80,1199.00,ֱ300]OPPO K5ֻoppoֻƷoppoa9x k6 oppok5ֻOPPO K3,
81,899.00,Ż400OPPO A11 oppoa11ֻȫƷoppoٷ콢oppoֻoppoa11x oppoa9oppoa5oppok3,
82,899.00,ʡ450ԪOPPO A11 oppoa11ֻȫƷoppoƷ a11 a5 a8 a9x a9 r9s r17 r15 r11s k5 k3 k1,
83,1599.00,ɨػ ¿СOPPO A52 oppoa52ֻƷoppo콢ٷƷa52oppo a8 a11 a92s k5 0ppor17r11,
84,899.00,ϢOPPO A11x oppoֻ Ʒoppoa11x a11 ace 9x k3 k5,
85,1999.00,OPPO A92sֻ5GٷƷoppoa92sȫ»a92 a52 a11 a91 a8 k5 S,
86,1599.00,OPPO A52ֻa52 oppoȫͨ콢 0ppoƷ Ʒa11x k5,
87,899.00,µ100OPPO K5ֻoppok5ȫ»oppok3 a11 x reno3ٷ,
88,1699.00,Ż600Ԫ ¿СOPPO Reno2 Zֻopporeno2zƷƷopporeno2 oppor17 oppoδxֻk5 k3 r15x ֻ,
89,956.00,OPPO A8¿oppoa91a5 a11a9 oppok3 k5 k6 k7 a7x r9 R17 A1,
90,1028.00,6400㡿OPPO K5 730G ֻK3A11XOPPOK5,
91,1608.00,OPPO K5 ȫֻͨƷ oppok5 ֻoppok3ĻָʶƷ,
92,999.00,OPPO A8 OPPO K5ֻ콢¿0ppoֻk5 a11a11x a8,
93,1999.00,ֱ300 OPPO A92sƷoppoa92sֻoppok5 opporeno2z ace a11x a91 k3 oppor17 r19ֻopopٷ콢,
94,1598.00,OPPO R17 ProȫֻͨȫָƳoppor17pro k5 oppok3,
95,828.00,ƷСOPPO K5  640030W K3 K1 R17 proֻ,
96,1999.00,ʡ320ԪOPPO A92s oppoa92sֻȫƷoppoƷ a11 a5 a8 a9x a9 r9s r17 r15 r11s k5 k3 oppo,
97,1699.00,߿ʡ500ԪOPPO K5 oppok5ֻ¿oppoδx oppok7 k3 oppoa9 oppor17 r15 a5 0ppoֻ,
98,849.00,OPPO A11ȫֻͨa11 oppoƷa11x 0ppoֻٷƷOPPOK1 K5,
99,1599.00,OPPO A91¿ֻoppoa91ֻoppoa11 a9 a11xopopa7x k3 k5 k1ֻ oppoƷr17 r19 reno 0ppoٷ콢,
100,899.00,OPPO A5ֻ콢0pp0ֻƷٷa8 a9 a11 a91 a92s k5a5,
101,1999.00,OPPO A92s oppoa92sֻƷoppoȫͨ5GֻƷK7 K5 Renoace,
102,1999.01,OPPO K5ֻoppok5ƷƷa5 r15x k7 A92sȫͨrenoϢ5G,
103,1599.00,400OPPO A91 oppoa91ֻ oppoƷa91 a11 x 0pp0a9x a7 a5 0ppoֻr19 r17 r15x r11s k1 k3 k5,
104,999.00,߽100ԪOPPO A8 oppoa8ֻ¿oppo oppoֻa5 k5 k3 a9 a91 a57 a11 r15x oppoֻ,
105,956.00,OPPO A8¿oppoa91a5 a11a9 oppok3 k5 k6 k7 a7x r9 R17 A1,
106,999.00,¿СOPPO A8 oppoa8Ʒoppoֻٷ콢k5 k3 oppor15x,
107,899.00,Ż400ԪOPPO A5 oppoa5ֻȫ»¿oppoֻoppoA3oppoa1 r11sa83r15oppofindxֻoppok1,
108,698.00,OPPO K1ȫͨOPPOA3 A5ֻ˫oppok1Ʒֻk3 Ϸ,
109,1568.00,OPPO K3Ļָȫ4Gȫͨ a9 oppok1opk5 k3K2,
110,1679.00,OPPO K5ȫֻ128Gȫͨoppok5Ʒ32006400,
111,999.00,100ԪOPPO A8 oppoa8ֻ¿oppoa8Ʒa11x a11 a8 a52 a92s 0ppoֻ콢r15 r17 k5,
112,999.00,12ڷڡOPPO A8 oppoa8ֻ¿opopٷƷa7 a11 a52 k1 a91 a5 k3 k5oppoֻ콢0pp0a8,
113,999.00,ɨػOPPO A8 oppoa8ֻoppo¿ֻa9 r17pror15 r11 k3 k5 opporenoace oppoֻ,
114,999.00,µͺOPPO A8 oppoa8ֻ oppoƷa8 a11 x oppo a9x a7 a5 oppoֻr19 r17 r15x r11s k1 k3 k5,
115,999.00,12ڷڡOPPO A8 oppoa8ֻ¿opopٷƷa7 a11x a52 a92s a91 a5 k5oppo콢0pp0a8ֻ,
116,1599.00,OPPO A11xֻ oppoa11x¿ֻ oppoa9 a9x a11 a11s oppok3ֻ 0ppoa11x a9 a5δx opop콢,
117,1899.00,Ż400 ¿СOPPO K5 oppok5ֻƷopopƷ 0ppoֻ oppor17 k1 k3 k7 k5x k5pro k6 a11x A52,
118,1599.00,¿СOPPO A52 oppoa52ֻopopƷa11x a5 a9 a8 k5k3 r15 oppo콢ٷ0ppoֻƷ0pp0a52,
119,1599.00,12ڷ ¿СOPPO A52 oppoa52ֻƷ oppo콢 a11x a91 k3 a92s k5 opopֻ0pp0δx,
120,1699.00,400OPPO K5 oppok5Ʒֻoppoδx 0ppok5¿5gk3 k7 0pp0k1 oppor17 r19 r15 reno5,
121,1599.00,ɨػOPPO A52 oppoa52ֻ¿opopƷa11x a5 a9x a7x r9 r15x k5 k3 k1 0ppoֻ콢Ʒ0pp0a52,
122,1699.00,400ԪOPPO K5 oppok5ֻoppoδx¿йƷoppok3 k1 r17 oppoa9 a5 r15 0ppok7ȫ»k6,
123,1699.00,Ż300OPPO K5 oppok5Ʒֻoppok5ȫƷk3 oppor17 r15 a5 a9x 0ppok3 0pp0k1 0oppok5,
124,1599.00,ɨػOPPO A91 oppoa91Ʒֻ a5 oppor17 oppok1 k3  a11 oppor15 oppoֻ콢 0pp0a91 oppoa91,
125,1599.00,OPPO A52ֻ콢0ppoƷoppoa52ֻa11 a8 k5 a92s a7,
126,999.00,100OPPO A8콢0ppoֻƷa91 a11 k5 a92s a8,
127,899.00,OPPO A5 oppoa5ֻٷƷ oppoƷֻ 0ppoa52 oppo a92s a8 a91 a11 a11x K5 oppo r17x r11 ace2,
128,1599.00,ɨػOPPO A91 oppoa91ֻoppo¿ֻa9 r17pro r15 r19pror11 k5 opporenoace oppoֻ,
129,1699.00,300ԪOPPO K5 oppok5ֻopopƷk3 a91 a3 k1 a92s a52 a11x a9x a7x r15 0ppoֻٷƷ0pp0k7,
130,1599.00,OPPO A52ֻٷƷoppoa52ȫ»a92s a11 k5 a8 a91 aceֻx,
131,1699.00,OPPO Reno Zֻreno2z oppo콢 0ppoֻƷr17 K5 K7,
132,1999.00,12Ϣoppoa92sٷƷ¿oppoֻ OPPO K5k3k1 renoace,
133,1599.00,12ڷɨػOPPO A52 oppoa52ֻȫƷoppoƷ a11 a5 a8 a9x a9 r9s r17 r15 r11s k5 k3,
134,1599.00,ɨػOPPO A11 oppoa11ֻ¿oppoٷ콢Ʒoppoa11x 0ppor17 r15 r11 a5 a8 a9splus k3 k5,
135,899.00,µ100Ԫ oppo ֻOPPO A5ֻȫȫֻoppo a5 Ʒ a57¿ٷܻ콢 k5 a11,
136,899.00,12ϢOPPO A91oppoa91ֻƷoppoֻa91 a8 oppok7 k5 a11,
,۸,Ʒ      ,
1,129.00,ϵС˫ʿʱг,
2,498.00,Herschel x Santa Cruz ͯ˫ Heritage ,
3,615.00,LACOSTEаļʱгӡ˫米|NH3299NZ,
4,59.00,˫ʿбŮʱгѧгѧ,
5,409.00,FILA ƾֹͬٷ˫2021ļ¿LOGO˫Ů,
6,269.00,CONVERSEٷ Straight Edgeаٴ˫ʵ10021138,
7,12500.00,LV·аϻDISCOVERYʿ˫бM43186,
8,499.00,fjallraven䱱˫kankenŮԱٷ콢23510,
9,279.00,ޱƼҵ˫ѧʱŮ±ins,
10,16700.00,YSL/ʥ ŮʿNIKI㸴Ƥ米,
11,258.00,ӾJanSport˹2020¿˫ʱгŮеԱ,
12,69.00,ʿ˫еԱŮгѧѧ,
13,268.00,ʿба๦ذб米ǰ,
14,149.00,ʿ˫еԱʱгѧ,
15,580.00,Samsonite/˫ŮС ʱ˫米ԼTQ4,
16,59.00,˫ʿбŮѧгѧ,
17,149.00,С˫ŮʼǱ԰ʱгб,
18,298.00,аţƤбʿƤİ,
19,139.00,Skechers˹˶ʱдѧʿ˫米Ů,
20,18700.00,YSL/ʥ ŮʿNIKIкŸƤsaint laurent米,
21,229.00,NIKEͿ˫д콢2021¿иѧŮ,
22,99.00,С׾˫ŮʱбʼǱ԰д,
23,59.00,ƥǵʿб2020¿2021Са,
24,44.90,˫ʿԼбϵдѧ,
25,599.00,Samsonite/ͯСѧһ͸꼶Ů˫米TU6,
26,298.00,Colins Keirs˫ʿд԰,
27,268.00,ʽذʿ˶б2021¿ʱ굥С,
28,58.00,tanmessoذкбţСаǰ,
29,34.90,insذϵСŮѧб2021¿,
30,449.00,Fjallraven/˫米kanken mini Ů23561,
31,89.00,˫Ůиѧ˶д米,
32,288.00,2021¿ʱг˫ʿԱ๦ܳа,
33,59.00,ӵбذʿ¿ʱǰС,
34,288.00,սϵ˫аŮ¿ѧײɫ˶,
35,159.00,бʿƻܵ˶ʲСŮаļذ,
36,108.00,ջɽдˮ˫Ůͽ˶а,
37,158.00,˫ʿδŮ˶бʼǱ԰,
38,198.00,CHAOFANJIϵбʿذŮinsС,
39,149.00,ϷʷŬ ɫ Ứ˫Ů2021¿С,
40,2100.00,MK Rhea Zip кϻƴɫ˫Ů,
41,199.00,NikeͿ˹ٷNIKE SPORTSWEAR HERITAGE ˫¿ DC7344,
42,139.00,ʿба๦ذб米С,
43,639.00,Ͼʿ˫Ƥ԰ʱга,
44,699.00,ٷUA Huey 2.0Ůͬѵ˶˫米1350091,
45,1000.00,ARC'TERYXʼ    GRANVILLE 10  ,
46,8900.00,LV·21¿TINY㽥Сб˫ŮM45764,
47,49.00,˫Ů2021¿ţСŮʿٴʱд,
48,900.00,Gaston Luga˫ƤʱгٴбŮ,
49,900.00,Gaston Luga˫ƤʱгٴбŮ,
50,249.00,ҵŮ˶ʱе˫зˮѧ,
51,118.00,ʿ˫геԱʿгѧ,
52,239.00,Ůһ꼶Сѧзˮѧ˫,
53,598.00,Gmt for kidsͯͯСѧŮ1-3-4-6꼶,
54,178.00,͹2021¿˫ŮбԼʱаٴײɫ,
55,149.00,̤Ů˫2021¿ɫѧ԰˶б,
56,229.00,2Сѧ1-6꼶־Ůˮд˫г,
57,299.00,ٷUA RolandŮͬѵ˶˫米1327793,
58,89.00,аʿ˫λɽ˶Ů,
59,3549.00,ֱӪKENZOţƤϻͷӡ˫米¿ٴа,
60,198.00,ʿ˫дʿʿʿб,
61,149.00,˫Ů2021¿ʱкٴţ򲼼Լз,
62,69.90,Ͽٯ˫б˶ɽŮѧODAB,
63,1308.00,COACH/ޢר¿аHudsonǾӡа˫,
64,198.00,СѧѹŮͯһ꼶˫米,
65,199.00,VAOPER˶ܱбʿʲװins,
66,480.00,Ʒcoach/ޢа¿˫ʱƤ԰ɽ,
67,139.00,˫Ů2021¿ٴаѧʱе,
68,499.00,Samsonite/ʱ˫и߶񱳰԰36B10,
69,69.90,ɭ˫ŮмԼдѧѧ,
70,2450.00,Gucci/ŮMarmont˫GƷб,
71,89.00,ƷconverseŮѧ˫米д˶԰,
72,780.00,Samsonite/˫Ů ٴϱ13ͨڵ԰GV1,
73,799.00,laptopʼǱ԰13/15/17ӢŮ˫米ѧ,
74,29.00,ٷС˫СŮ˶˫ѧ,
75,699.00,ٷUA Contain Ůкѵ˶˫米1361226,
76,139.00,PUMAٷƷ ¿ӡ˫米 PHASE 077482,
77,259.00,ʿб2021¿ذʱд˶С,
78,1288.00,COACH/ޢаǾӡɽа˫米,
79,2380.00,GucciŮ¿1955 Horsebitο۸ŵб,
80,379.00,Jordan ٷJORDAN ˫ ¿ļHA6473,
81,69.00,ذʿбƵ˶ССааŮ,
82,388.00,anello콢걬ҳ߳Ůѧ˫,
83,69.00,˫ʿзˮа԰гдѧа,
84,16900.00,ԱרYSL/ʥ ŮʿMANHATTANƤ米,
85,228.00,۳˫ŮʱдŮƤƤٴа,
86,4390.00,TUMI/;Alpha Bravoϵеʿ˫,
87,349.00,Ƽ3Сѧ1-6꼶ˮ˫,
88,2550.00,GUCCIųŮMarmontϵоGG笷Ƥ㵥б,
89,129.00,Adidasϴ˹˫й콢Ůиѧ,
90,4875.00,COACH/ޢʿRIVINGTON˫,
91,88.00,ƷnikeͿ˫Ů˶ѧеʱб,
92,99.00,С90ذ๦СŮѧ˶ⵥб,
93,59.90,ʿذԼб๦ܳбСʲа,
94,178.00,2021¿ʿ˫бдѧ,
95,509.00,FILA ֹٷ˫ 2021ļ¿ͨڼԼ³,
96,1580.00, ֱʴ լһŮ伸˫米а,
97,168.00,MLB˫ŮNYϻб˶бins,
98,159.00,ϴ˹ adidas POWER VŮ˶͸˫米FJ4460,
99,3285.00,ʵ ձ ISSEYMIYAKE լһ ˫ ĥɰ ,
100,298.00,ޱͬţ˫Ů2020¿ʱзб,
101,799.00,ޱƼkiplingŮ˫米ʱг˫|MATTA,
102,28.80,б¿ļʿСذ쵥,
103,268.00,۳ذʿ˶б2021¿ʱ굥С,
104,298.00,ƤԼ˫ʿʱгдба,
105,138.00,ʿʿ˫еԱŮʿѧ,
106,199.00,˫ʿ;ε԰๦,
107,69.00,ƥذʿбţаСļ,
108,135.00,бʿгش80˫,
109,89.00,ļʿ˶Саˮţбб,
110,1388.00,COACH/ޢʿƤ˫аǵɽŻа,
111,79.00,԰˫15.6бгˮѧ,
112,480.00,Samsonite/˫2021¿ ԰񱳰TX6,
113,298.00,MUJI ʹ ˫ A4ߴ,
114,4369.00,ֱӪMCM Stark VisetosŮ/í˫米,
115,2450.00,GUCCIųŮ˫G1955ο۷Ƥ㵥б淭ǰ,
116,76.00,˫дгѧŮѧԼеԱ,
117,129.00,ƥбʿذ˶ѧϵеС,
118,69.00,ͯ꼶Сѧѧкˮ˫米,
119,299.00,FILA ATHLETICS Ůʱп 2021ļ¿˶е米,
120,5200.00,TORY BURCH  FLEMINGС笷б米Ů 58102,
121,950.00,coach/ޢаƤ˫米аɽ԰,
122,239.00,˫Сʹʱ15.6ʼǱ԰ᱡб,
123,78.00,˫ʿˮ˶԰ѧ,
124,79.00,˫ʿ15.6ʼǱ԰дŮ˶,
125,258.00,CF˫米ʿŮʿ2021ļ¿ѧ˶԰,
126,399.00,СƤţƤ2021¿ʱٴСŮ˫Ů,
127,59.90,2021¿дѧŮСѧʿʱд˫米,
128,5400.00,TORY BURCH  KIRAƤ米Ů 82558,
129,128.60,ϵб 繤װʲпinsа,
130,129.00,ϴ˹ adidas CLASSIC BP BOSŮѵ˶˫米GL0933,
131,998.00,coachޢа ¿ʿ˫ǵбɽѧ,
132,159.00,2021ԭ¿ذʿб๦ֻܴС,
133,249.00,Skechers˹2021¿ʿ˫˶Ů,
134,239.00,־Ů1-4꼶Сѧ˫жͯˮ泱,
135,376.00,Ʒ䱱/fjallraven˫kankenclassicminiŮ,
136,239.00,¿𱱼˫ˮ㱳Ůѧ䱳԰,
,۸,Ʒ      ,
1,79.00,ѧţԭ޷гѧͷ,
2,129.00,ʿ˫ʱгѧ15.614԰,
3,45.90,С˫Ů1415.,
4,49.00,ʱгѧ˫ͯͯСѧ,
5,59.00,2021¿ѧ˫ͯ꼶ͯСѧ,
6,17900.00,YSL/ʥŮʿNIKI㸴Ƥ米Ůб,
7,139.00,Skechers˹˶ѧ˫米Ů,
8,499.00,fjallraven䱱˫kankenŮԱٷ콢23510,
9,249.00,ҵŮ˶ʱе˫зˮѧ,
10,298.00,аţƤбʿƤİ,
11,69.90,ͯ꼶Сѧѧкˮ˫米,
12,39.90,˫ʿԼбŮϵдѧ,
13,209.60,LIVEBOXŮѧϵinsи˫ԼԱ,
14,19500.00,YSL/ʥ ŮʿNIKIƤ米Saint LaurentбYSLŮ,
15,39.90,NASAԱмԼСѧ˫米,
16,149.00,СѧŮһ꼶ͯ׵˫米,
17,69.00,г2021¿дѧѧŮƴ˫,
18,139.00,алɽˮ˫ԱŮ,
19,66.00,ʿ˫еԱŮгѧѧ,
20,900.00,Gaston Luga˫ƤгбŮٴʱins,
21,238.00,СѧѹŮͯһ꼶˫米,
22,269.00,CONVERSEٷ Straight Edgeаٴ˫ʵ10021138,
23,55.00,Ůļ˫ѧСУ԰˫米꼶,
24,4299.00,ֱӪMCMС˫ӡíŮС,
25,136.00,ջɽŮˮ˫米ͽ˶ѧ,
26,69.90,[ʷŬ]2021¿˫米ŮСѧɰ,
27,129.00,ʿ˫ʱгѧ15.614԰,
28,138.60,LIVEBOXϵбгư米ذ˶insСŮ,
29,55.00,ŮinsɰСѧ꼶˫,
30,45.00,˫DoraͼСɰŮ׶԰,
31,549.00,Doughnut MacaroonȦ˫Ů԰16L,
32,1238.00,ȯCOACH/ޢ۰Ů๦˫,
33,339.00,CONVERSEٷ Straight Edge˫аŮ10023003,
34,198.00,Ʒ˫kankenŮˮminiѧ,
35,329.00,SUBTLE EQUS˶Ůᱳбда,
36,99.00,С׾˫ŮʱбʼǱ԰д,
37,89.00,ʿб๦ܹװͨ԰а,
38,14500.00,GUCCIųOphidiaϵGGСż米,
39,3200.00,èרTORY BURCH  OLIVIA米 78731,
40,1100.00,LONGCHAMPLe PliageGreenŮкų米,
41,169.00,̤˫Ů2022идѧ԰˶а,
42,159.00,̤˫2022¿Ůиѧ˶԰,
43,579.00,FILA ֹٷƷ˶2022괺¿˫,
44,178.00,͹2022¿˫Ůбѧٴײɫ,
45,168.00,ѧ˫米ʿŮʿļ˶԰,
46,7700.00,GUCCIųGG DenimϵDionysusSupermini 米,
47,189.00,VANWALK֥ʿ ҼŮСѧ˫б,
48,59.00,ѧʱг˫԰ٴ,
49,59.00,ѧʱг˫԰ٴ,
50,79.90,˫ʿаԱʱгидѧ,
51,288.00,JanSport˹˫гѧѧŮԱмԼ,
52,118.00,ʿ˫деԱʿгѧѧ,
53,59.00,˫ʿбŮѧгѧ,
54,698.00,GMT for KidsͯгСѧŮһ꼶,
55,798.00,uhznus˾ѩˮ˫米Ůиʪ,
56,78.00,Ĵ󺫰˫米ʿе԰ˮаѧŮ,
57,329.00,NikeͿ˹ٷHAYWARD 2.0˫ﶬBA5883,
58,17900.00,YSL/ʥ ŮʿNIKI㸴ŰƤ米бŮ,
59,49.90,2021¿ͯкСѧ꼶˫米гѧ,
60,59.00,Լϵins˫ѧŮԭ޷ulzzang,
61,20200.00,[Ʒ]GUCCIųGG DenimϵDionysusϵСGG米,
62,59.00,˫игѧѧСѧԼбŮ,
63,639.00,Ͼʿ˫д԰аʱӢ׷Ƥ񱳰,
64,139.00,Сѧ꼶ͯŮ¿jk˫,
65,169.00,̤ɭKT˫米2022иѧ˶а,
66,298.00,mk˫ƤʿŷʱаݳƷƳƴ԰,
67,499.00,Fjallraven˫kankenŮб˶23510,
68,16300.00,YSL/ʥ ŮʿKATEкźɫѹӡƤ˫ִб米,
69,4299.00,ֱӪMCM Stark Visetos/˫米íŮ,
70,259.00,ʿбмԼаţƤİ,
71,49.00,˫Ů2021¿ţСŮʿٴʱзС,
72,3800.00,߶˶21ﶬб˰˫19bag鷽Ů,
73,1080.00,lululemonحOn My Level Ůʿ 2.0 LW9EFYS,
,۸,Ʒ      ,
1,39.00,奥特曼玩具黄金无限赛罗形态超可动人偶贝利亚光辉赛罗模型手办,
2,89.00,奥特曼初代怪兽车玩具软胶新款正版超大号组合全套装男孩生日礼物,
3,68.50,儿童2022新款洋气奥特曼外套蜘蛛侠上衣男童休闲冲锋衣春装衣服潮,
4,498.00,灵动创想大号奥特曼家庭扭蛋机指尖英雄公仔盲盒儿童玩具新年礼物,
5,299.00,奥特曼衣服男童赛罗迪迦欧布服装儿童春秋外套蜘蛛侠男孩卫衣套装,
6,19.90,2022年新年限定礼盒奥特曼卡游正版卡片福袋黑钻阳焰版三周年满星,
7,136.00,发光奥特曼书包幼儿园宝宝1-3-6岁儿童男童5双肩可爱背包生日礼物,
8,479.00,【直营】万代特利迦奥特曼变身器神光棒DX火花棱镜带迪迦复合型钥,
9,26.90,超大号奥特曼玩具套装咸蛋超人代初儿童特大号男孩手办人偶礼物,
10,209.90,正版卡游奥特曼卡片阳焰版三周年纪念礼盒新年a款b收藏册xr盒卡牌,
11,890.00,正版卡游奥特曼卡片2022新年限定版春节礼盒虎年卡牌限量款新春21,
12,19.90,荣耀版第14弹奥特曼卡片包3D满星卡牌十四弹10元卡游正版收藏卡册,
13,225.00,正版奥特曼玩具可动人偶套装组合 全套 变形男孩儿童迪迦赛罗泽塔,
14,35.90,卡游 正版奥特曼卡片 整盒全套usr满星HR立体3D卡牌卡册 XR黑钻版,
15,49.90,卡游 宇宙英雄系列奥特曼卡片荣耀版第14弹ZR满星3d卡SHR收藏卡册,
16,209.90,正版奥特曼卡片纪念礼盒全套套装xr卡牌收集册玩具六一儿童节礼物,
17,139.00,正版奥特曼玩具礼盒装迪迦软胶人偶捷德可动欧布赛罗套装儿童男孩,
18,219.90,奥特曼卡片阳焰版 满星gρ卡 卡游正版礼盒 卡砖卡包收藏册XR卡牌,
19,168.00,卡游奥特曼二三3周年纪念版礼盒XR全套SP卡3D收集册GP卡牌直销2,
20,59.00,卡游 奥特曼荣耀勋章55周年纪念版SP卡片正版全套卡玩具盲盒卡牌,
21,48.00,卡游奥特曼卡片黑钻版第二弹一盒满星XR卡牌GP收藏册卡砖铁盒玩具,
22,47.90,奥特曼卡片收藏册收集册卡册大本卡包卡牌全套豪华版书手册第6弹,
23,59.00,儿童大号7生日礼物6-8岁男孩超人奥特曼可变形魔方的公仔正版玩具,
24,138.00,奥特曼衣服男童春秋装赛罗迪迦泽塔欧布服装儿童套装男孩外套童装,
25,62.90,奥特曼卡片黑钻版第二弹一元黑钻包正版卡游一盒XR卡GP满星牌全套,
26,148.00,奥特曼服装成人cos服大人迪迦奥特曼衣服男孩真人儿童头套紧身衣,
27,79.00,赛罗奥特曼书包男童小学生泽塔三二一年级儿童减负幼儿园双肩背包,
28,19.90,奥特曼卡片经典版第28弹泽塔gp满星金卡全套卡牌收集册批发一盒,
29,49.11,新款奥特曼的玩具手办生日礼物儿童系列套装组合全套礼盒男孩全小,
30,516.00,卡游奥特曼卡片阳焰版1盒64张泽塔XR卡GP满星收集册卡牌玩具礼物,
31,128.00,超大号泰罗奥特曼玩具正版儿童男孩超人特大手办人偶套装生日礼物,
32,680.00,日版 万代 魂限定 SHF 赛罗奥特曼 终极闪耀形态 帕拉吉之盾,
33,899.00,情人节 抖音正版授权New Idea Studio 迪迦磁悬浮奥特曼 手办包邮,
34,185.00,万代奥特曼玩具正版特利迦变身器DX胜利神光棒火花棱镜密匙武器男,
35,12.80,儿童奥特曼画画书涂色绘本涂鸦填色画幼儿园男孩益智绘画书3-6岁,
36,28.00,奥特曼泰罗怪兽手办软胶玩具正版人偶杰顿艾雷王套装大号儿童男孩,
37,159.00,奥特曼男童冲锋衣儿童三合一外套春秋加绒中大童洋气可拆卸两件套,
38,29.00,3D奥特曼笔袋笔盒文具盒男孩小学生高颜值男孩子文具袋儿童铅笔盒幼儿园套装网红泽塔赛罗男生男童一年级文具,
39,148.00,奥特曼儿童书包男幼儿园小学生一二年级赛罗男童男孩背包2021新款,
40,108.00,咸蛋超人泰罗奥特曼正版遥控车怪兽公仔儿童生日礼物汽车玩具男孩,
41,138.00,奥特曼衣服男童服装男孩儿童套装春秋迪迦泽塔赛罗蜘蛛侠洋气外套,
42,136.00,发光奥特曼书包幼儿园男3-6岁宝宝男童玩具背包泰罗男孩儿童包包,
43,53.00,奥特曼书包幼儿园男女宝小中班儿童1至7岁出游防走失防水双肩背包,
44,35.90,奥特曼卡片豪华版第26弹金卡收集册盲盒GP卡包SP卡牌全套一盒玩具,
45,169.00,【直营】万代特利迦奥特曼多关节超可动人偶复合闪耀形态模型玩具,
46,128.00,奥特曼儿童书包幼儿园男孩小学生一年级宝宝2岁减负背包生日礼物,
47,68.80,男童外套春装2022新款帅气儿童奥特曼衣服男孩春秋款宝宝洋气风衣,
48,18.80,奥特曼文具盒男孩款笔袋男孩子小学生铅笔盒男生2022年新款幼儿园儿童多功能大容量高颜值奥特曼文具盒男童,
49,99.00,奥特曼儿童外套男童春装风衣衣服蜘蛛侠春秋款上衣秋冬冲锋衣童装,
50,36.80,卡游奥特曼卡片黑钻第2弹礼盒WCR卡XR特利迦满星金卡全套卡砖卡包,
51,299.00,英雄玩具 泽塔奥特曼-幻界魔剑贝利亚黄昏,
52,224.00,卡游 奥特曼卡片三周年纪念大礼盒版3特利迦XR卡全套卡牌3D收藏册,
53,148.00,卡游现货阳炎阳焰版B款A款稀有TZR卡TNR/XR红GP奥特曼卡片ab礼盒,
54,16.80,奥特曼卡片塑料收藏册防水大容量3d卡册卡包收纳册集卡册儿童玩具,
55,29.00,笔盒奥特曼文具盒男孩款文具袋多功能男孩子用笔袋赛罗儿童小学生幼儿园男童男款铅笔盒一年级2021年新款男生,
56,209.90,卡游奥特曼卡片阳焰版卡册全套豪华黑钻卡牌3d卡包收集收藏册玩具,
57,92.00,卡游奥特曼卡片经典版1盒288张卡册泽塔GP卡令迦金卡满星玩具礼物,
58,200.00,卡游奥特曼卡片黑钻版1盒46张红黄2款包装随机满星卡砖玩具礼物,
59,19.90,奥特曼卡册卡片收藏册收集册豪华卡册卡包游戏卡手册儿童玩具小本,
60,299.00,【直营】万代特利迦奥特曼永恒闪耀利刃之光剑武器DX神秘之刃玩具,
61,238.00,奥特曼卡片三3周年纪念版礼盒特利迦XR卡包sp卡豪华生日礼物卡牌,
62,258.00,万代SHF泽塔奥特曼 Z初始原生形态基础 特利迦阿尔法可动模型手办,
63,209.90,卡游奥特曼卡片纪念礼盒满星卡XR卡牌特利迦GP套装儿童礼物套盒,
64,179.90,卡游三周年奥特曼卡片纪念大礼盒3D卡册赛罗特利迦XR卡牌新年礼物,
65,199.90,正版奥特曼卡片阳焰版GP满星卡XR卡泽塔卡牌收藏册卡册礼盒装卡游,
66,179.90,一整盒荣耀版奥特曼卡片全套3b金卡hr立体3d卡牌满星ZR卡正版卡游,
67,19.90,正版奥特曼卡片金卡收藏册卡册闪卡全套满星卡儿童收集卡游卡牌包,
68,280.00,灵动奥特曼变形玩具可动人偶全套迪迦捷德泰迦欧布模型银河正版,
69,29.90,卡游正版奇迹版奥特曼卡片第三弹卡牌1盒卡包奥特批发3玩具卡册,
70,58.90,卡游奥特曼卡片55周年纪念荣誉荣耀勋章盲盒收藏全套稀有SP卡赛罗,
71,999.90,卡游奥特曼卡片2022新年礼盒礼物全套装XR卡满星SP卡牌收藏收集册,
72,99.90,卡游奥特曼卡片黑钻第2弹礼盒WCR卡XR特利迦满星金卡全套卡砖卡包,
73,179.90,荣耀版第14弹shr整盒奥特曼卡片包十四代一盒卡游卡包正版的卡牌,
74,349.00,【直营】万代特利迦奥特曼DX火花棱镜圆环之臂武器刀剑弓箭钳子,
75,140.00,卡游奥特曼卡片收藏册1本含满星豪华卡册大容量收纳儿童新年礼物,
76,139.00,赛罗特利迦奥特曼玩具大号泰迦软胶人偶套装儿童男孩生日礼物手办,
77,8.50,奥特曼卡册卡片收藏册大本空册子硬面烫金儿童卡牌豪华收集册大本,
78,699.00,【特别发售】玩具反斗城万代欧布奥特曼重光形态人偶80厘米97780,
79,168.00,万代特利迦奥特曼永恒闪耀利刃之光剑最终武器DX光辉神秘之刃玩具,
80,19.90,奥特曼变形发光儿童卡通投影电子手表小朋友宝宝男生女孩幼儿玩具,
81,9.90,奥特曼卡片专用收藏册防水大容量大卡册超大儿童卡包收纳册集卡册,
82,199.00,英雄玩具  经典奥特曼变身器系列-艾克斯闪光,
83,27.00,奥特曼卡片批发xr卡阳焰版炫彩星辰全套绝版稀有usr签名卡特利迦,
84,59.00,儿童变形魔方超人男孩生日礼物机器人6岁钢铁飞龙2奥特曼力量玩具,
85,189.00,万代特利迦奥特曼迪迦钥匙DX胜利神光棒变身器闪耀永恒形态25周年,
86,128.00,儿童赛罗奥特曼书包幼儿园男童迪迦2-3-6周岁5宝宝趣味闪光背包潮,
87,599.00,卡游奥特曼卡片2022年限定版纪念大礼盒XR卡牌收纳男孩生日礼物,
88,259.00,万代正版SHF特利迦奥特曼系列trigger复合形态迪迦可动手办玩具男,
,۸,Ʒ      ,
,۸,Ʒ      ֻ,
,۸,Ʒ      ֻ,
1,79.00,Ʒ300̨ ȫͨ4G ֻ,
2,4699.00,24Ϣһ10Pro 5gֻٷ콢Ʒ,
3,2099.00,realmeGTNeo2Ϸ5Gֻ870 65W콢ѧ,
4,3999.00,vivo iQOO9 5Gֻiqoo9 iqoo 9 iq00  vivoֻٷ콢 ipoo iq iooq9 iqoo9pro iqoo8 pro,
5,1799.00,ƶûרС/Redmi Note 11 Pro 5GֻƷС׹ٷ콢5gnote11pro,
6,5949.00,24Ϣƻ13 iphone13 Apple/ƻiPhone 13 5Gֻٷ콢Ʒƻ13ֻiPhone13ֻ,
7,5199.00,Apple/ƻ iPhone 13 mini,
8,7999.00,Apple/ƻ iPhone 13 Pro,
9,6259.00,Apple/ƻ iPhone 13ֻƷ5Gֻװ,
10,11399.00,йֱͨӪApple ƻiPhone 13 Pro Maxȫͨ5Gƻiphone13promaxֻǺԼ,
11,78.00,[4Gȫͨ]ذG1˻ƷŰƶִֻͨŮѧר÷ֻܰ,
12,3499.00,Լ۱ȸߡApple/ƻ#iPhone XR ȫͨ4Gֻȫ˫˫ 콢ٷƷԭװûϷܻ,
13,1599.00,һءС/Redmi note11 pro ֻȫһϷѧð칫920С׹ٷ콢,
14,2849.00,ֻ˳ͺɢȱС4Ϸֻ4proֻٷ콢Ʒ5G羺С׺4ProƷ4S pro,
15,1599.00,3Ϣ˳ٷ Xiaomi/С Redmi K40 5Gֻٷ콢¿k40proϷǿѧСֻ,
16,4199.00,24Ϣ  ߳䡿СMIX 4 CUPȫ888Plusյ羺ϷСֻmix4ٷ콢5g¿,
17,1799.00,µ300ԪHONOR/ҫPlay5 5Gֻ66WȫϷᱡ羺120Hzˢٷ콢,
18,1099.00,㹺ӮӼHONOR/ҫPlay5Tֻ5000mAh22.5WѧϷձ˻콢,
19,1679.00,ָۡOPPO A96 ڴƷ5Gѧֻ Сǻ  ˫ǻ OPPOٷ콢oppoa96,
20,999.00,ָۡOPPO A36 شڴֻ OPPOٷ콢 oppoa36 ¿ѧ a32,
21,3999.00,160ʡ220 10̨5ۡvivo iQOO 9콢Ʒ85gϷ羺ֻvivoiqoo9ٷ콢,
22,2699.00,췢10024ϢHuawei/Ϊnova 9ֻ¿ٷnova8pro콢4G/5Gֱ40Ʒ,
23,8988.00,HUAWEI/ΪP50 Pocket P50 Ϊ۵ֻ4Gȫͨ ޷۵Ӱϵͳ ¿۵ֻ,
24,1999.00,16ʡ400vivo iQOO Z3768Gѧ55WǧԪ5GϷֻٷ콢vivoiqooz3,
25,2439.00,췢[33Wװ+]Xiaomi/С10S 5Gֻȫͨ870Ʒ11ٷ콢Сֻ10s׽,
26,2999.00,췢ԭװ[24Ϣ]xiaomi/С С12 5Gֻ8¿ٷ콢ƷСֻ12Proϵֱ12x,
27,4988.00,HUAWEI/Ϊ P50 4Gȫͨ HarmonyOS2ԭɫ˫ӰԪ888 ΪֻΪٷ콢,
28,1599.00,췢 Xiaomi/С Redmi  Note 11 Pro 5Gֻٷ콢Ʒ11pro+ѧ¿10proϵй9,
29,2399.00,ɼ200Ԫ+24ڷϢ HONOR/ҫ60 Pro ֻ5Gٷ콢¿Ʒ50proǻΪҫ60proҫ60SE,
30,5999.00,24Ϣ ԱƶԴvivo X70 Pro+˾Ӱͨ888plus5G¿ֻٷ콢x70proʮ60x70,
31,2399.00,24Ϣ Ա˫vivo S12Ʒ5GϷᱡֻvivoٷ콢Ʒ¿vivos12 s12ֻs10,
32,2899.00,12Ϣ Ż500ԪOnePlus/һ9RT5gֻԭϷֻ9rt888콢ٷ콢OPPOۺ,
33,1799.00,3Ϣ400ԪС/Redmi Note11 Pro 5Gֻnote11pro+ٷ콢ƷСֻȫͨƷnote10,
34,4699.00,12Ϣ OnePlus/һ10 Pro 5gȫͨ׿羺Ϸ콢ֻOPPOۺٷ콢,
35,5999.00,˳ٷ+µԭװͷiPhone 13 mini5Gֻƻ13 miniֻٷ콢iphone13 miniƻ,
36,2369.00,˳ٷ/24ϢHONOR/ҫ60 5Gֻٷ콢ҫ60proֱ50ϵv40ֻǻΪƷ50 SE,
37,1499.00,Ʒ ٷӪҫX30 ֻ5Gֻ ȫ ˳ᷢ,
38,1499.00,ٷӪ ˳ٷҫX30i 5Gֻ ٷ콢 ҫX30,
39,2699.00,ֵпŻݡHONOR/ҫ50 5Gֻ120Hzˢ,
40,9699.00,Ʒֻ ˳ٷ 24ϢS22 Ultra ȫ¹ٷƷ5Gֻ Samsung Galaxy 콢,
41,5799.00,Ʒֻ ˳ٷ 24ϢS22ȫƷ5Gٷֻ Samsung Galaxyȫͨ,
42,2099.00,3.13-15ʡ600realmeGTNeo2T1200-AI5G65WǻѧϷֻƷgtneo2t,
43,3999.00,3.1524ϢrealmeGT2Proȫ8ƶƽ̨콢о2Kֱ65WϷֻgt2pro,
44,2699.00,˳ٷ vivo iQOO Neo5S 5gֻйƶiq00neo5 iqooneo5s iqoo5s ipooneo5s  vivoٷ콢,
45,3299.00,Ʒֻ/24Ϣxiaomi/Redmi K50羺5Gֻܵ羺Ϸֻٷ콢ƷK50ϷֻK40,
46,2799.00,ֵпŻݡOPPO Reno6 5Gֻ˫ģ5gٷƷ900,
47,2599.00,ѯѡvivo iQOO Neo5 5gֻ iq00neo5 vivo iqooneo5neo5 vove vivoٷ콢 iqneo5 ֻ,
48,2199.00,ƷСHONOR/ҫ60 Se 5Gֻ66WƷֻ,
49,1699.00,440ƶûר ҫX30i 5Gֻ йƶٷ콢 Ʒ¿ѧֻǻΪ,
50,4888.00,췢24Ϣɼ750Huawei/ΪMate 40 pro 5Gֻٷ콢Ʒmate5040eֱp50 60 M40,
51,8999.00,Apple/ƻ iPhone 13 Pro Max,
52,5999.00,Apple/ƻ iPhone 13,
53,1449.00,vivo iQOO Z5Ʒ778Gˢѧ5g,
54,599.00,˳ٷ ϡȱֻС 9A#Ϸѧֱ˻xiaomiС׹ٷ콢9aȫֻͨ,
55,5249.00,ֱӪСApple/ƻ iPhone 12 5GֻƷ5G ˫˫ͨƶȫͨȫٷ콢ǺԼ,
56,1399.00,ƷOPPO K9X oppok9xֻ5g¿oppoֻ콢k9xٷֻoppok9s prooppo0ppoϷֻ,
57,5939.00,88VIP95ֱۡӪƷApple/ƻ iPhone 13 5GֻƷ˫˫ͨƶȫͨȫǺԼ,
58,4699.00,췢24ϢOnePlus/һ10Pro 5gֻƷϷܹٷ콢ƷOPPOһ10pro 9pro 1+9rt,
59,3799.00,ּ3799 ƻ11 iphone11 Apple/ƻiPhone 11ֻȫƷδٷ콢ƻ11ֻ iPhone 11,
60,9449.00,24Ϣƻ13promax Apple/ƻiPhone 13 Pro Max 5Gֻйٷ콢iphone13promax ƻ13pro max,
61,9799.00,24ڷϢ Ĥ+աApple/ƻiPhone 13 Pro MAXȫͨ5Gֻ ԭװƻ13promaxֻ콢,
62,5999.00,֧88ȯ +ĤApple/ƻiPhone 13 ȫͨ5Gֻ ԭװƻ13ֻйŹ콢,
63,8299.00,ٷӪIphone 13 proƻֻƷȫ֧ƶͨ˫˫5Gֻ,
64,4699.00,ͨûרOnePlus/һ10Pro¿5g콢һ10proȫ8 һֻٷ콢 1+10proȫͨ,
65,3749.00,ֱ450Ԫƻ12Apple/ƻiPhone 12mini ȫԭװ5GٷƷ콢iPhone 12miniƻ12miniֻ,
66,2999.00,24Ϣ+췢Xiaomi/С12X 5Gֻٷ콢Ʒֱ¿12ѧȫС12xֻpro,
67,1549.00,24ڷС Redmi  K40Ϸǿ5GֻٷƷ콢羺¿ѧproСk40Ϸǿ,
68,4999.00,1605 аӼۡvivo iQOO 9 ProƷ2K8о5gϷֻٷ콢vivoiqoo9pro,
69,1699.00,165ۺʡ320vivo iQOO Z5xƷǿоѧϷ5gֻiqٷ콢vivoiqooz5x,
70,2099.00,췢Xiaomi/С  Redmi K40 5GֻϷٷ콢ƷСK40pro+ redmi k40 k50,
71,1369.00,ָۡOPPO A93 ڴ¿ѧ˻ 5Gֻ OPPOֻٷ콢 oppoa93ֻ a93,
72,3699.00,6ϢС11 5gֻ888콢2KĻȫѧС׹ٷ콢Сֻ,
73,599.00,ûѡ9A 5000mAhĻϷֻxiaomiС׹ٷ콢Ʒ,
74,3299.00,[췢]xiaomi  Redmi K50 羺ٷ콢ƷܺK50 5GϷֻk40ProС¿,
75,2199.00,ɼ430Ԫ+˳ٷ HONOR/ҫ60 5Gֻٷ콢Ʒ¿ҫ50seǻΪҫ60pro 60se,
76,2699.00,HUAWEI/Ϊ nova 9 4Gȫͨ120HzĻ5000򳬸֪ӰΪٷ콢,
77,3499.00,HUAWEI nova 9 Pro 4Gȫͨ˫3200ǰVlogͷ100W仪ΪֻΪٷ콢,
78,3099.00,24Ϣ ػ400vivo S12 Pro5GϷֻvivoٷ콢Ʒ¿s12pro vivos12pro,
79,5488.00,췢ɼ50024ϢHuawei/Ϊ P50 Proֻٷ콢p40pro¿5gֱذpocketƷ,
80,6298.00,ٷӪiPhone 13ƻֻ Ʒȫ ֧ƶͨ˫˫5Gֻ,
81,5499.00,24Ϣ ԱƶԴvivo X70 Pro+˾Ӱ콢888plus 5GƷֻٷ콢x70proʮx70,
82,6298.00,ֻ췢[24Ϣ/]Apple/ƻiPhone 13 5Gֻٷ콢ƻ13promax¿iPhone12p11ֱ,
83,2999.00,24Ϣ С169װXiaomi/С С11 5GֻС11proС׹ٷ콢ȫͨС11ֻ,
84,2399.00,µŻ400ԪHONOR/ҫ50 SE 5GֻƷҫٷ콢ƷϷǧԪܻ,
85,1999.00,ָOPPO Reno7 SE 5Gֻڴᱡٷoppoֻ콢Ʒ羺Ϸopporeno7,
86,3299.00,ֻOnePlus/һ9RTƷ5Gֻ888Ϸ5gֻ1+9rt,
87,5799.00,24ϢHONOR/ҫ Magic3 Pro 5Gֻظͨ888 PlusоƬȫȫ¹ٷ콢,
88,4699.00,[24Ϣѯ]OnePlus/һ10 Pro 5gȫͨ׿羺Ϸ콢ֻOPPOۺٷ콢,
89,9699.00,[Ʒֻ ˳ٷ 24Ϣ]S22 Ultra ȫ¹ٷƷ5Gֻ ȫͨ Samsung Galaxyǹٷ콢,
90,6599.00,Ʒֻ ˳ٷ 24ϢS22+ȫƷٷ5Gֻ Samsung Galaxyȫͨ,
91,2699.00,3.13-1512+256G2999realmeGT2888IMX766120Hz65WǻϷֻ,
,۸,Ʒ      ,
,۸,Ʒ      ֻ,
1,79.00,Ʒ300̨ ȫͨ4G ֻ,
2,4699.00,24Ϣһ10Pro 5gֻٷ콢Ʒ,
3,2099.00,realmeGTNeo2Ϸ5Gֻ870 65W콢ѧ,
4,1799.00,ƶûרС/Redmi Note 11 Pro 5GֻƷС׹ٷ콢5gnote11pro,
5,5949.00,24Ϣƻ13 iphone13 Apple/ƻiPhone 13 5Gֻٷ콢Ʒƻ13ֻiPhone13ֻ,
6,5199.00,Apple/ƻ iPhone 13 mini,
7,7999.00,Apple/ƻ iPhone 13 Pro,
8,6259.00,Apple/ƻ iPhone 13ֻƷ5Gֻװ,
9,11399.00,йֱͨӪApple ƻiPhone 13 Pro Maxȫͨ5Gƻiphone13promaxֻǺԼ,
10,78.00,[4Gȫͨ]ذG1˻ƷŰƶִֻͨŮѧר÷ֻܰ,
11,3499.00,Լ۱ȸߡApple/ƻ#iPhone XR ȫͨ4Gֻȫ˫˫ 콢ٷƷԭװûϷܻ,
12,5249.00,ֱӪСApple/ƻ iPhone 12 5GֻƷ5G ˫˫ͨƶȫͨȫٷ콢ǺԼ,
13,1599.00,һءС/Redmi note11 pro ֻȫһϷѧð칫920С׹ٷ콢,
14,2849.00,ֻ˳ͺɢȱС4Ϸֻ4proֻٷ콢Ʒ5G羺С׺4ProƷ4S pro,
15,1599.00,3Ϣ˳ٷ Xiaomi/С Redmi K40 5Gֻٷ콢¿k40proϷǿѧСֻ,
16,4199.00,24Ϣ  ߳䡿СMIX 4 CUPȫ888Plusյ羺ϷСֻmix4ٷ콢5g¿,
17,1799.00,µ300ԪHONOR/ҫPlay5 5Gֻ66WȫϷᱡ羺120Hzˢٷ콢,
18,1099.00,㹺ӮӼHONOR/ҫPlay5Tֻ5000mAh22.5WѧϷձ˻콢,
19,1679.00,ָۡOPPO A96 ڴƷ5Gѧֻ Сǻ  ˫ǻ OPPOٷ콢oppoa96,
20,999.00,ָۡOPPO A36 شڴֻ OPPOٷ콢 oppoa36 ¿ѧ a32,
21,3999.00,160ʡ220 10̨5ۡvivo iQOO 9콢Ʒ85gϷ羺ֻvivoiqoo9ٷ콢,
22,2699.00,췢10024ϢHuawei/Ϊnova 9ֻ¿ٷnova8pro콢4G/5Gֱ40Ʒ,
23,8988.00,HUAWEI/ΪP50 Pocket P50 Ϊ۵ֻ4Gȫͨ ޷۵Ӱϵͳ ¿۵ֻ,
24,1999.00,16ʡ400vivo iQOO Z3768Gѧ55WǧԪ5GϷֻٷ콢vivoiqooz3,
25,2439.00,췢[33Wװ+]Xiaomi/С10S 5Gֻȫͨ870Ʒ11ٷ콢Сֻ10s׽,
26,2999.00,췢ԭװ[24Ϣ]xiaomi/С С12 5Gֻ8¿ٷ콢ƷСֻ12Proϵֱ12x,
27,4988.00,HUAWEI/Ϊ P50 4Gȫͨ HarmonyOS2ԭɫ˫ӰԪ888 ΪֻΪٷ콢,
28,1599.00,췢 Xiaomi/С Redmi  Note 11 Pro 5Gֻٷ콢Ʒ11pro+ѧ¿10proϵй9,
29,2399.00,ɼ200Ԫ+24ڷϢ HONOR/ҫ60 Pro ֻ5Gٷ콢¿Ʒ50proǻΪҫ60proҫ60SE,
30,5999.00,24Ϣ ԱƶԴvivo X70 Pro+˾Ӱͨ888plus5G¿ֻٷ콢x70proʮ60x70,
31,2399.00,24Ϣ Ա˫vivo S12Ʒ5GϷᱡֻvivoٷ콢Ʒ¿vivos12 s12ֻs10,
32,2999.00,12Ϣ Ż500ԪOnePlus/һ9RT 5gֻԭϷֻһ9rt888콢OPPOۺ콢,
33,1799.00,3Ϣ400ԪС/Redmi Note11 Pro 5Gֻnote11pro+ٷ콢ƷСֻȫͨƷnote10,
34,4699.00,12Ϣ OnePlus/һ10 Pro 5gȫͨ׿羺Ϸ콢ֻOPPOۺٷ콢,
35,5999.00,˳ٷ+µԭװͷiPhone 13 mini5Gֻƻ13 miniֻٷ콢iphone13 miniƻ,
36,2369.00,˳ٷ/24ϢHONOR/ҫ60 5Gֻٷ콢ҫ60proֱ50ϵv40ֻǻΪƷ50 SE,
37,1499.00,Ʒ ٷӪҫX30 ֻ5Gֻ ȫ ˳ᷢ,
38,1499.00,ٷӪ ˳ٷҫX30i 5Gֻ ٷ콢 ҫX30,
39,2699.00,ֵпŻݡHONOR/ҫ50 5Gֻ120Hzˢ,
40,9699.00,Ʒֻ ˳ٷ 24ϢS22 Ultra ȫ¹ٷƷ5Gֻ Samsung Galaxy 콢,
41,5799.00,Ʒֻ ˳ٷ 24ϢS22ȫƷ5Gٷֻ Samsung Galaxyȫͨ,
42,2099.00,3.13-15ʡ600realmeGTNeo2T1200-AI5G65WǻѧϷֻƷgtneo2t,
43,3999.00,3.1524ϢrealmeGT2Proȫ8ƶƽ̨콢о2Kֱ65WϷֻgt2pro,
44,2699.00,˳ٷ vivo iQOO Neo5S 5gֻйƶiq00neo5 iqooneo5s iqoo5s ipooneo5s  vivoٷ콢,
45,3299.00,Ʒֻ/24Ϣxiaomi/Redmi K50羺5Gֻܵ羺Ϸֻٷ콢ƷK50ϷֻK40,
46,2799.00,ֵпŻݡOPPO Reno6 5Gֻ˫ģ5gٷƷ900,
47,2599.00,ѯѡvivo iQOO Neo5 5gֻ iq00neo5 vivo iqooneo5neo5 vove vivoٷ콢 iqneo5 ֻ,
48,2199.00,ƷСHONOR/ҫ60 Se 5Gֻ66WƷֻ,
49,1699.00,440ƶûר ҫX30i 5Gֻ йƶٷ콢 Ʒ¿ѧֻǻΪ,
50,4888.00,췢24Ϣɼ750Huawei/ΪMate 40 pro 5Gֻٷ콢Ʒmate5040eֱp50 60 M40,
51,8999.00,Apple/ƻ iPhone 13 Pro Max,
52,5999.00,Apple/ƻ iPhone 13,
53,1449.00,vivo iQOO Z5Ʒ778Gˢѧ5g,
54,599.00,˳ٷ ϡȱֻС 9A#Ϸѧֱ˻xiaomiС׹ٷ콢9aȫֻͨ,
55,1399.00,ƷOPPO K9X oppok9xֻ5g¿oppoֻ콢k9xٷֻoppok9s prooppo0ppoϷֻ,
56,5939.00,88VIP95ֱۡӪƷApple/ƻ iPhone 13 5GֻƷ˫˫ͨƶȫͨȫǺԼ,
57,4699.00,췢24ϢOnePlus/һ10Pro 5gֻƷϷܹٷ콢ƷOPPOһ10pro 9pro 1+9rt,
58,3799.00,ּ3799 ƻ11 iphone11 Apple/ƻiPhone 11ֻȫƷδٷ콢ƻ11ֻ iPhone 11,
59,9449.00,24Ϣƻ13promax Apple/ƻiPhone 13 Pro Max 5Gֻйٷ콢iphone13promax ƻ13pro max,
60,8109.00,֧88vipֱӪƷApple/ƻ iPhone 13 Pro 5GֻƶͨȫͨƷƻ13Pro,
61,9799.00,24ڷϢ Ĥ+աApple/ƻiPhone 13 Pro MAXȫͨ5Gֻ ԭװƻ13promaxֻ콢,
62,5999.00,֧88ȯ +ĤApple/ƻiPhone 13 ȫͨ5Gֻ ԭװƻ13ֻйŹ콢,
63,8299.00,ٷӪIphone 13 proƻֻƷȫ֧ƶͨ˫˫5Gֻ,
64,78.00,4GȫͨŦ L8SְֻƶͨŰŮѧٷ콢ֻ,
65,4699.00,ͨûרOnePlus/һ10Pro¿5g콢һ10proȫ8 һֻٷ콢 1+10proȫͨ,
66,2999.00,24Ϣ+췢Xiaomi/С12X 5Gֻٷ콢Ʒֱ¿12ѧȫС12xֻpro,
67,1549.00,24ڷС Redmi  K40Ϸǿ5GֻٷƷ콢羺¿ѧproСk40Ϸǿ,
68,4999.00,1605 аӼۡvivo iQOO 9 ProƷ2K8о5gϷֻٷ콢vivoiqoo9pro,
69,1699.00,165ۺʡ320vivo iQOO Z5xƷǿоѧϷ5gֻiqٷ콢vivoiqooz5x,
70,2099.00,췢Xiaomi/С  Redmi K40 5GֻϷٷ콢ƷСK40pro+ redmi k40 k50,
71,1369.00,ָۡOPPO A93 ڴ¿ѧ˻ 5Gֻ OPPOֻٷ콢 oppoa93ֻ a93,
72,3699.00,6ϢС11 5gֻ888콢2KĻȫѧС׹ٷ콢Сֻ,
73,599.00,ûѡ9A 5000mAhĻϷֻxiaomiС׹ٷ콢Ʒ,
74,3299.00,[췢]xiaomi  Redmi K50 羺ٷ콢ƷܺK50 5GϷֻk40ProС¿,
75,2199.00,ɼ430Ԫ+˳ٷ HONOR/ҫ60 5Gֻٷ콢Ʒ¿ҫ50seǻΪҫ60pro 60se,
76,2699.00,HUAWEI/Ϊ nova 9 4Gȫͨ120HzĻ5000򳬸֪ӰΪٷ콢,
77,3499.00,HUAWEI nova 9 Pro 4Gȫͨ˫3200ǰVlogͷ100W仪ΪֻΪٷ콢,
78,3099.00,24Ϣ ػ400vivo S12 Pro5GϷֻvivoٷ콢Ʒ¿s12pro vivos12pro,
79,5488.00,췢ɼ50024ϢHuawei/Ϊ P50 Proֻٷ콢p40pro¿5gֱذpocketƷ,
80,6298.00,ٷӪiPhone 13ƻֻ Ʒȫ ֧ƶͨ˫˫5Gֻ,
81,5499.00,24Ϣ ԱƶԴvivo X70 Pro+˾Ӱ콢888plus 5GƷֻٷ콢x70proʮx70,
82,6298.00,ֻ췢[24Ϣ/]Apple/ƻiPhone 13 5Gֻٷ콢ƻ13promax¿iPhone12p11ֱ,
83,2999.00,24Ϣ С169װXiaomi/С С11 5GֻС11proС׹ٷ콢ȫͨС11ֻ,
84,2399.00,µŻ400ԪHONOR/ҫ50 SE 5GֻƷҫٷ콢ƷϷǧԪܻ,
85,1999.00,ָOPPO Reno7 SE 5Gֻڴᱡٷoppoֻ콢Ʒ羺Ϸopporeno7,
86,3299.00,ֻOnePlus/һ9RTƷ5Gֻ888Ϸ5gֻ1+9rt,
87,5799.00,24ϢHONOR/ҫ Magic3 Pro 5Gֻظͨ888 PlusоƬȫȫ¹ٷ콢,
88,4699.00,[24Ϣѯ]OnePlus/һ10 Pro 5gȫͨ׿羺Ϸ콢ֻOPPOۺٷ콢,
89,9699.00,[Ʒֻ ˳ٷ 24Ϣ]S22 Ultra ȫ¹ٷƷ5Gֻ ȫͨ Samsung Galaxyǹٷ콢,
90,6599.00,Ʒֻ ˳ٷ 24ϢS22+ȫƷٷ5Gֻ Samsung Galaxyȫͨ,
91,2699.00,3.13-1512+256G2999realmeGT2888IMX766120Hz65WǻϷֻ,
,۸,Ʒ      ֻ,
1,79.00,Ʒ300̨ ȫͨ4G ֻ,
2,2099.00,realmeGTNeo2Ϸ5Gֻ870 65W콢ѧ,
3,4699.00,24Ϣһ10Pro 5gֻٷ콢Ʒ,
4,1799.00,ƶûרС/Redmi Note 11 Pro 5GֻƷС׹ٷ콢5gnote11pro,
5,5949.00,24Ϣƻ13 iphone13 Apple/ƻiPhone 13 5Gֻٷ콢Ʒƻ13ֻiPhone13ֻ,
6,5199.00,Apple/ƻ iPhone 13 mini,
7,7999.00,Apple/ƻ iPhone 13 Pro,
8,6259.00,Apple/ƻ iPhone 13ֻƷ5Gֻװ,
9,11399.00,йֱͨӪApple ƻiPhone 13 Pro Maxȫͨ5Gƻiphone13promaxֻǺԼ,
10,78.00,[4Gȫͨ]ذG1˻ƷŰƶִֻͨŮѧר÷ֻܰ,
11,3499.00,Լ۱ȸߡApple/ƻ#iPhone XR ȫͨ4Gֻȫ˫˫ 콢ٷƷԭװûϷܻ,
12,5249.00,ֱӪСApple/ƻ iPhone 12 5GֻƷ5G ˫˫ͨƶȫͨȫٷ콢ǺԼ,
13,1599.00,һءС/Redmi note11 pro ֻȫһϷѧð칫920С׹ٷ콢,
14,2849.00,ֻ˳ͺɢȱС4Ϸֻ4proֻٷ콢Ʒ5G羺С׺4ProƷ4S pro,
15,1599.00,3Ϣ˳ٷ Xiaomi/С Redmi K40 5Gֻٷ콢¿k40proϷǿѧСֻ,
16,4199.00,24Ϣ  ߳䡿СMIX 4 CUPȫ888Plusյ羺ϷСֻmix4ٷ콢5g¿,
17,1799.00,µ300ԪHONOR/ҫPlay5 5Gֻ66WȫϷᱡ羺120Hzˢٷ콢,
18,1099.00,㹺ӮӼHONOR/ҫPlay5Tֻ5000mAh22.5WѧϷձ˻콢,
19,1679.00,ָۡOPPO A96 ڴƷ5Gѧֻ Сǻ  ˫ǻ OPPOٷ콢oppoa96,
20,999.00,ָۡOPPO A36 شڴֻ OPPOٷ콢 oppoa36 ¿ѧ a32,
21,3999.00,160ʡ220 10̨5ۡvivo iQOO 9콢Ʒ85gϷ羺ֻvivoiqoo9ٷ콢,
22,2699.00,췢10024ϢHuawei/Ϊnova 9ֻ¿ٷnova8pro콢4G/5Gֱ40Ʒ,
23,8988.00,HUAWEI/ΪP50 Pocket P50 Ϊ۵ֻ4Gȫͨ ޷۵Ӱϵͳ ¿۵ֻ,
24,1999.00,16ʡ400vivo iQOO Z3768Gѧ55WǧԪ5GϷֻٷ콢vivoiqooz3,
25,2439.00,췢[33Wװ+]Xiaomi/С10S 5Gֻȫͨ870Ʒ11ٷ콢Сֻ10s׽,
26,2999.00,췢ԭװ[24Ϣ]xiaomi/С С12 5Gֻ8¿ٷ콢ƷСֻ12Proϵֱ12x,
27,4988.00,HUAWEI/Ϊ P50 4Gȫͨ HarmonyOS2ԭɫ˫ӰԪ888 ΪֻΪٷ콢,
28,1599.00,췢 Xiaomi/С Redmi  Note 11 Pro 5Gֻٷ콢Ʒ11pro+ѧ¿10proϵй9,
29,2399.00,ɼ200Ԫ+24ڷϢ HONOR/ҫ60 Pro ֻ5Gٷ콢¿Ʒ50proǻΪҫ60proҫ60SE,
30,5999.00,24Ϣ ԱƶԴvivo X70 Pro+˾Ӱͨ888plus5G¿ֻٷ콢x70proʮ60x70,
31,2399.00,24Ϣ Ա˫vivo S12Ʒ5GϷᱡֻvivoٷ콢Ʒ¿vivos12 s12ֻs10,
32,2999.00,12Ϣ Ż500ԪOnePlus/һ9RT 5gֻԭϷֻһ9rt888콢OPPOۺ콢,
33,1799.00,3Ϣ400ԪС/Redmi Note11 Pro 5Gֻnote11pro+ٷ콢ƷСֻȫͨƷnote10,
34,4699.00,12Ϣ OnePlus/һ10 Pro 5gȫͨ׿羺Ϸ콢ֻOPPOۺٷ콢,
35,5999.00,˳ٷ+µԭװͷiPhone 13 mini5Gֻƻ13 miniֻٷ콢iphone13 miniƻ,
36,2369.00,˳ٷ/24ϢHONOR/ҫ60 5Gֻٷ콢ҫ60proֱ50ϵv40ֻǻΪƷ50 SE,
37,1499.00,Ʒ ٷӪҫX30 ֻ5Gֻ ȫ ˳ᷢ,
38,1499.00,ٷӪ ˳ٷҫX30i 5Gֻ ٷ콢 ҫX30,
39,2699.00,ֵпŻݡHONOR/ҫ50 5Gֻ120Hzˢ,
40,9699.00,Ʒֻ ˳ٷ 24ϢS22 Ultra ȫ¹ٷƷ5Gֻ Samsung Galaxy 콢,
41,5799.00,Ʒֻ ˳ٷ 24ϢS22ȫƷ5Gٷֻ Samsung Galaxyȫͨ,
42,2099.00,3.13-15ʡ600realmeGTNeo2T1200-AI5G65WǻѧϷֻƷgtneo2t,
43,3999.00,3.1524ϢrealmeGT2Proȫ8ƶƽ̨콢о2Kֱ65WϷֻgt2pro,
44,2699.00,˳ٷ vivo iQOO Neo5S 5gֻйƶiq00neo5 iqooneo5s iqoo5s ipooneo5s  vivoٷ콢,
45,3299.00,Ʒֻ/24Ϣxiaomi/Redmi K50羺5Gֻܵ羺Ϸֻٷ콢ƷK50ϷֻK40,
46,2799.00,ֵпŻݡOPPO Reno6 5Gֻ˫ģ5gٷƷ900,
47,2599.00,ѯѡvivo iQOO Neo5 5gֻ iq00neo5 vivo iqooneo5neo5 vove vivoٷ콢 iqneo5 ֻ,
48,2199.00,ƷСHONOR/ҫ60 Se 5Gֻ66WƷֻ,
49,1699.00,440ƶûר ҫX30i 5Gֻ йƶٷ콢 Ʒ¿ѧֻǻΪ,
50,4888.00,췢24Ϣɼ750Huawei/ΪMate 40 pro 5Gֻٷ콢Ʒmate5040eֱp50 60 M40,
51,8999.00,Apple/ƻ iPhone 13 Pro Max,
52,5999.00,Apple/ƻ iPhone 13,
53,1449.00,vivo iQOO Z5Ʒ778Gˢѧ5g,
54,599.00,˳ٷ ϡȱֻС 9A#Ϸѧֱ˻xiaomiС׹ٷ콢9aȫֻͨ,
55,1399.00,ƷOPPO K9X oppok9xֻ5g¿oppoֻ콢k9xٷֻoppok9s prooppo0ppoϷֻ,
56,5939.00,88VIP95ֱۡӪƷApple/ƻ iPhone 13 5GֻƷ˫˫ͨƶȫͨȫǺԼ,
57,4699.00,췢24ϢOnePlus/һ10Pro 5gֻƷϷܹٷ콢ƷOPPOһ10pro 9pro 1+9rt,
58,3799.00,ּ3799 ƻ11 iphone11 Apple/ƻiPhone 11ֻȫƷδٷ콢ƻ11ֻ iPhone 11,
59,9449.00,24Ϣƻ13promax Apple/ƻiPhone 13 Pro Max 5Gֻйٷ콢iphone13promax ƻ13pro max,
60,8109.00,֧88vipֱӪƷApple/ƻ iPhone 13 Pro 5GֻƶͨȫͨƷƻ13Pro,
61,9799.00,24ڷϢ Ĥ+աApple/ƻiPhone 13 Pro MAXȫͨ5Gֻ ԭװƻ13promaxֻ콢,
62,5999.00,֧88ȯ +ĤApple/ƻiPhone 13 ȫͨ5Gֻ ԭװƻ13ֻйŹ콢,
63,8299.00,ٷӪIphone 13 proƻֻƷȫ֧ƶͨ˫˫5Gֻ,
64,78.00,4GȫͨŦ L8SְֻƶͨŰŮѧٷ콢ֻ,
65,4699.00,ͨûרOnePlus/һ10Pro¿5g콢һ10proȫ8 һֻٷ콢 1+10proȫͨ,
66,2999.00,24Ϣ+췢Xiaomi/С12X 5Gֻٷ콢Ʒֱ¿12ѧȫС12xֻpro,
67,1549.00,24ڷС Redmi  K40Ϸǿ5GֻٷƷ콢羺¿ѧproСk40Ϸǿ,
68,4999.00,1605 аӼۡvivo iQOO 9 ProƷ2K8о5gϷֻٷ콢vivoiqoo9pro,
69,1699.00,165ۺʡ320vivo iQOO Z5xƷǿоѧϷ5gֻiqٷ콢vivoiqooz5x,
70,2099.00,췢Xiaomi/С  Redmi K40 5GֻϷٷ콢ƷСK40pro+ redmi k40 k50,
71,1369.00,ָۡOPPO A93 ڴ¿ѧ˻ 5Gֻ OPPOֻٷ콢 oppoa93ֻ a93,
72,3699.00,6ϢС11 5gֻ888콢2KĻȫѧС׹ٷ콢Сֻ,
73,599.00,ûѡ9A 5000mAhĻϷֻxiaomiС׹ٷ콢Ʒ,
74,3299.00,[췢]xiaomi  Redmi K50 羺ٷ콢ƷܺK50 5GϷֻk40ProС¿,
75,2199.00,ɼ430Ԫ+˳ٷ HONOR/ҫ60 5Gֻٷ콢Ʒ¿ҫ50seǻΪҫ60pro 60se,
76,2699.00,HUAWEI/Ϊ nova 9 4Gȫͨ120HzĻ5000򳬸֪ӰΪٷ콢,
77,3499.00,HUAWEI nova 9 Pro 4Gȫͨ˫3200ǰVlogͷ100W仪ΪֻΪٷ콢,
78,3099.00,24Ϣ ػ400vivo S12 Pro5GϷֻvivoٷ콢Ʒ¿s12pro vivos12pro,
79,5488.00,췢ɼ50024ϢHuawei/Ϊ P50 Proֻٷ콢p40pro¿5gֱذpocketƷ,
80,6298.00,ٷӪiPhone 13ƻֻ Ʒȫ ֧ƶͨ˫˫5Gֻ,
81,5499.00,24Ϣ ԱƶԴvivo X70 Pro+˾Ӱ콢888plus 5GƷֻٷ콢x70proʮx70,
82,6298.00,ֻ췢[24Ϣ/]Apple/ƻiPhone 13 5Gֻٷ콢ƻ13promax¿iPhone12p11ֱ,
83,2999.00,24Ϣ С169װXiaomi/С С11 5GֻС11proС׹ٷ콢ȫͨС11ֻ,
84,2399.00,µŻ400ԪHONOR/ҫ50 SE 5GֻƷҫٷ콢ƷϷǧԪܻ,
85,1999.00,ָOPPO Reno7 SE 5Gֻڴᱡٷoppoֻ콢Ʒ羺Ϸopporeno7,
86,3299.00,ֻOnePlus/һ9RTƷ5Gֻ888Ϸ5gֻ1+9rt,
87,5799.00,24ϢHONOR/ҫ Magic3 Pro 5Gֻظͨ888 PlusоƬȫȫ¹ٷ콢,
88,4699.00,[24Ϣѯ]OnePlus/һ10 Pro 5gȫͨ׿羺Ϸ콢ֻOPPOۺٷ콢,
89,9699.00,[Ʒֻ ˳ٷ 24Ϣ]S22 Ultra ȫ¹ٷƷ5Gֻ ȫͨ Samsung Galaxyǹٷ콢,
90,6599.00,Ʒֻ ˳ٷ 24ϢS22+ȫƷٷ5Gֻ Samsung Galaxyȫͨ,
91,2699.00,3.13-1512+256G2999realmeGT2888IMX766120Hz65WǻϷֻ,
,۸,Ʒ      ֻ,
