初中高中物理老师/家教/化学老师,07-21,0.8-1万/月,https://jobs.51job.com/nanchang/123509962.html?s=01&t=0,
家教,07-21,250元/天,https://jobs.51job.com/shanghai-mhq/114077348.html?s=01&t=0,
家教,07-21,0.8-1万/月,https://jobs.51job.com/hangzhou-scq/123193619.html?s=01&t=0,
家教老师,07-21,6-8千/月,https://jobs.51job.com/guangzhou-pyq/123766043.html?s=01&t=0,
英语家教/英语家教导师/小学家教,07-21,150元/天,https://jobs.51job.com/guangzhou-hzq/122948839.html?s=01&t=0,
暑期家教（高中理科）,07-21,120元/天,https://jobs.51job.com/wuhan-wcq/123805100.html?s=01&t=0,
家教,07-21,4-6千/月,https://jobs.51job.com/chengdu/123805804.html?s=01&t=0,
上门家教（全日制在读生优先）,07-21,4.5-6千/月,https://jobs.51job.com/foshan-nhq/123154334.html?s=01&t=0,
家教（生活助手） 弹性上班时间 待遇优厚,07-21,4.5-6千/月,https://jobs.51job.com/guangzhou-thq/122948425.html?s=01&t=0,
早9晚4家教老师每天100元,07-21,2-3千/月,https://jobs.51job.com/shenyang-hgq/123631795.html?s=01&t=0,
暑期家教,07-21,1-1.2万/月,https://jobs.51job.com/shenzhen-nsq/123789280.html?s=01&t=0,
初中家教,07-21,200元/天,https://jobs.51job.com/shanghai-pdxq/123195953.html?s=01&t=0,
家教幼教,07-21,6-8千/月,https://jobs.51job.com/shanghai-fxq/117873028.html?s=01&t=0,
粤语家教,07-21,4.5-6千/月,https://jobs.51job.com/zhongshan-sqq/123451114.html?s=01&t=0,
小学生家教老师,07-21,6-8千/月,https://jobs.51job.com/wuhan-wcq/113148767.html?s=01&t=0,
初中生暑假数学上门家教,07-21,400元/天,https://jobs.51job.com/suzhou-gyyq/123011349.html?s=01&t=0,
小一家教,07-21,50元/小时,https://jobs.51job.com/ningbo/122383945.html?s=01&t=0,
南京小学家教,07-21,1.5-2万/月,https://jobs.51job.com/shanghai-cnq/118940785.html?s=01&t=0,
小学生家教（2年级一对一）,07-21,3-6千/月,https://jobs.51job.com/hadongbin-dwq/121970581.html?s=01&t=0,
家教老师（慈溪）,07-21,40元/小时,https://jobs.51job.com/ningbo-cxs/121755975.html?s=01&t=0,
住家家教/家庭教师,07-21,6-8千/月,https://jobs.51job.com/beijing-cyq/123037358.html?s=01&t=0,
家教***,07-21,4.5-5千/月,https://jobs.51job.com/kunshan/122042573.html?s=01&t=0,
家教辅导老师,07-21,1-2万/月,https://jobs.51job.com/guangzhou-thq/104754052.html?s=01&t=0,
编程老师（家教）,07-21,6-8千/月,https://jobs.51job.com/kunming/123246373.html?s=01&t=0,
家教 初中辅导老师,07-21,4-5万/年,https://jobs.51job.com/hangzhou/123025387.html?s=01&t=0,
世博家教-小学数学教师,07-21,0.5-2万/月,https://jobs.51job.com/shenyang-shq/110168282.html?s=01&t=0,
家教,07-21,3-4.5千/月,https://jobs.51job.com/kunming-gdq/117753105.html?s=01&t=0,
高薪私人家教（能说英语）,07-21,0.7-2万/月,https://jobs.51job.com/shanghai-hkq/97184665.html?s=01&t=0,
家教,07-21,2-3万/月,https://jobs.51job.com/shenzhen/115325363.html?s=01&t=0,
全职家教（用英语交流辅导）,07-21,1.5-2万/月,https://jobs.51job.com/shenzhen-nsq/120394660.html?s=01&t=0,
全科家教,07-21,5-6千/月,https://jobs.51job.com/hangzhou-jgq/119249135.html?s=01&t=0,
小学家教,07-21,70元/小时,https://jobs.51job.com/guangzhou-thq/121588576.html?s=01&t=0,
家教师/辅导功课,07-21,2-3万/月,https://jobs.51job.com/shanghai-xhq/123040788.html?s=01&t=0,
学前教育家教,07-21,100元/小时,https://jobs.51job.com/beijing-hdq/121891762.html?s=01&t=0,
英语家教,07-21,35元/小时,https://jobs.51job.com/guangzhou-byq/118598545.html?s=01&t=0,
幼教早教（家教、住家）,07-21,6-8千/月,https://jobs.51job.com/hangzhou-gsq/120386168.html?s=01&t=0,
幼儿家教（上门）,07-21,3-4.5千/月,https://jobs.51job.com/guangzhou-thq/121995010.html?s=01&t=0,
小学家教老师,07-21,3-5千/月,https://jobs.51job.com/hangzhou-bjq/118142090.html?s=01&t=0,
英语家教,07-21,300元/天,https://jobs.51job.com/hangzhou-jgq/123635726.html?s=01&t=0,
英语特级家教,07-21,0.8-1万/月,https://jobs.51job.com/dongguan/118530092.html?s=01&t=0,
家教,07-21,3.5-7.5千/月,https://jobs.51job.com/huizhou/117518408.html?s=01&t=0,
家教,07-21,2.5-3千/月,https://jobs.51job.com/ningbo-blq/123380582.html?s=01&t=0,
英语家教,07-21,60元/小时,https://jobs.51job.com/hangzhou-scq/123409188.html?s=01&t=0,
家教（钢琴老师）,07-21,6-8千/月,https://jobs.51job.com/guangzhou/117111681.html?s=01&t=0,
小学作文家教,07-21,150元/天,https://jobs.51job.com/beijing/112131287.html?s=01&t=0,
家教（家庭教师）,07-21,4-6千/月,https://jobs.51job.com/shenyang-ddq/120139485.html?s=01&t=0,
中小学家教老师（海归）,07-21,1.5-2万/月,https://jobs.51job.com/yantai/122034368.html?s=01&t=0,
小学 初中英语老师 家教,07-21,4.5-6千/月,https://jobs.51job.com/guangzhou-nsq/122824708.html?s=01&t=0,
幼教/家教,07-21,1.5-3万/月,https://jobs.51job.com/hangzhou-xsq/123768549.html?s=01&t=0,
小学家教老师,07-20,3-4.5千/月,https://jobs.51job.com/foshan-nhq/123379785.html?s=01&t=0,
初中高中物理老师/家教/化学老师,07-21,0.8-1万/月,https://jobs.51job.com/nanchang/123509962.html?s=01&t=0,
家教,07-21,250元/天,https://jobs.51job.com/shanghai-mhq/114077348.html?s=01&t=0,
家教,07-21,0.8-1万/月,https://jobs.51job.com/hangzhou-scq/123193619.html?s=01&t=0,
家教老师,07-21,6-8千/月,https://jobs.51job.com/guangzhou-pyq/123766043.html?s=01&t=0,
英语家教/英语家教导师/小学家教,07-21,150元/天,https://jobs.51job.com/guangzhou-hzq/122948839.html?s=01&t=0,
暑期家教（高中理科）,07-21,120元/天,https://jobs.51job.com/wuhan-wcq/123805100.html?s=01&t=0,
家教,07-21,4-6千/月,https://jobs.51job.com/chengdu/123805804.html?s=01&t=0,
上门家教（全日制在读生优先）,07-21,4.5-6千/月,https://jobs.51job.com/foshan-nhq/123154334.html?s=01&t=0,
家教（生活助手） 弹性上班时间 待遇优厚,07-21,4.5-6千/月,https://jobs.51job.com/guangzhou-thq/122948425.html?s=01&t=0,
早9晚4家教老师每天100元,07-21,2-3千/月,https://jobs.51job.com/shenyang-hgq/123631795.html?s=01&t=0,
暑期家教,07-21,1-1.2万/月,https://jobs.51job.com/shenzhen-nsq/123789280.html?s=01&t=0,
初中家教,07-21,200元/天,https://jobs.51job.com/shanghai-pdxq/123195953.html?s=01&t=0,
家教幼教,07-21,6-8千/月,https://jobs.51job.com/shanghai-fxq/117873028.html?s=01&t=0,
粤语家教,07-21,4.5-6千/月,https://jobs.51job.com/zhongshan-sqq/123451114.html?s=01&t=0,
小学生家教老师,07-21,6-8千/月,https://jobs.51job.com/wuhan-wcq/113148767.html?s=01&t=0,
初中生暑假数学上门家教,07-21,400元/天,https://jobs.51job.com/suzhou-gyyq/123011349.html?s=01&t=0,
小一家教,07-21,50元/小时,https://jobs.51job.com/ningbo/122383945.html?s=01&t=0,
南京小学家教,07-21,1.5-2万/月,https://jobs.51job.com/shanghai-cnq/118940785.html?s=01&t=0,
小学生家教（2年级一对一）,07-21,3-6千/月,https://jobs.51job.com/hadongbin-dwq/121970581.html?s=01&t=0,
家教老师（慈溪）,07-21,40元/小时,https://jobs.51job.com/ningbo-cxs/121755975.html?s=01&t=0,
住家家教/家庭教师,07-21,6-8千/月,https://jobs.51job.com/beijing-cyq/123037358.html?s=01&t=0,
家教***,07-21,4.5-5千/月,https://jobs.51job.com/kunshan/122042573.html?s=01&t=0,
家教辅导老师,07-21,1-2万/月,https://jobs.51job.com/guangzhou-thq/104754052.html?s=01&t=0,
编程老师（家教）,07-21,6-8千/月,https://jobs.51job.com/kunming/123246373.html?s=01&t=0,
家教 初中辅导老师,07-21,4-5万/年,https://jobs.51job.com/hangzhou/123025387.html?s=01&t=0,
世博家教-小学数学教师,07-21,0.5-2万/月,https://jobs.51job.com/shenyang-shq/110168282.html?s=01&t=0,
家教,07-21,3-4.5千/月,https://jobs.51job.com/kunming-gdq/117753105.html?s=01&t=0,
高薪私人家教（能说英语）,07-21,0.7-2万/月,https://jobs.51job.com/shanghai-hkq/97184665.html?s=01&t=0,
家教,07-21,2-3万/月,https://jobs.51job.com/shenzhen/115325363.html?s=01&t=0,
全职家教（用英语交流辅导）,07-21,1.5-2万/月,https://jobs.51job.com/shenzhen-nsq/120394660.html?s=01&t=0,
全科家教,07-21,5-6千/月,https://jobs.51job.com/hangzhou-jgq/119249135.html?s=01&t=0,
小学家教,07-21,70元/小时,https://jobs.51job.com/guangzhou-thq/121588576.html?s=01&t=0,
家教师/辅导功课,07-21,2-3万/月,https://jobs.51job.com/shanghai-xhq/123040788.html?s=01&t=0,
学前教育家教,07-21,100元/小时,https://jobs.51job.com/beijing-hdq/121891762.html?s=01&t=0,
英语家教,07-21,35元/小时,https://jobs.51job.com/guangzhou-byq/118598545.html?s=01&t=0,
幼教早教（家教、住家）,07-21,6-8千/月,https://jobs.51job.com/hangzhou-gsq/120386168.html?s=01&t=0,
幼儿家教（上门）,07-21,3-4.5千/月,https://jobs.51job.com/guangzhou-thq/121995010.html?s=01&t=0,
小学家教老师,07-21,3-5千/月,https://jobs.51job.com/hangzhou-bjq/118142090.html?s=01&t=0,
英语家教,07-21,300元/天,https://jobs.51job.com/hangzhou-jgq/123635726.html?s=01&t=0,
英语特级家教,07-21,0.8-1万/月,https://jobs.51job.com/dongguan/118530092.html?s=01&t=0,
家教,07-21,3.5-7.5千/月,https://jobs.51job.com/huizhou/117518408.html?s=01&t=0,
家教,07-21,2.5-3千/月,https://jobs.51job.com/ningbo-blq/123380582.html?s=01&t=0,
英语家教,07-21,60元/小时,https://jobs.51job.com/hangzhou-scq/123409188.html?s=01&t=0,
家教（钢琴老师）,07-21,6-8千/月,https://jobs.51job.com/guangzhou/117111681.html?s=01&t=0,
小学作文家教,07-21,150元/天,https://jobs.51job.com/beijing/112131287.html?s=01&t=0,
家教（家庭教师）,07-21,4-6千/月,https://jobs.51job.com/shenyang-ddq/120139485.html?s=01&t=0,
中小学家教老师（海归）,07-21,1.5-2万/月,https://jobs.51job.com/yantai/122034368.html?s=01&t=0,
小学 初中英语老师 家教,07-21,4.5-6千/月,https://jobs.51job.com/guangzhou-nsq/122824708.html?s=01&t=0,
幼教/家教,07-21,1.5-3万/月,https://jobs.51job.com/hangzhou-xsq/123768549.html?s=01&t=0,
小学家教老师,07-20,3-4.5千/月,https://jobs.51job.com/foshan-nhq/123379785.html?s=01&t=0,
